Aspect,Emotion,Text
"['line', 'prayer room']","[[{'label': 'sadness', 'score': 0.009689624421298504}, {'label': 'joy', 'score': 0.8718135356903076}, {'label': 'love', 'score': 0.0990135595202446}, {'label': 'anger', 'score': 0.01375632919371128}, {'label': 'fear', 'score': 0.0045320275239646435}, {'label': 'surprise', 'score': 0.0011948839528486133}]]","When it arrives around before dusk, the line is not long. But here is a prayer room, don't worry."
"['dining area', 'food', 'filter water']","[[{'label': 'sadness', 'score': 0.003469607327133417}, {'label': 'joy', 'score': 0.9852370619773865}, {'label': 'love', 'score': 0.0023572964128106833}, {'label': 'anger', 'score': 0.006796883884817362}, {'label': 'fear', 'score': 0.0011851026210933924}, {'label': 'surprise', 'score': 0.0009540374157950282}]]","Fast-moving lane and self service. Spacious dining area, can pay extra for AC space. Food is above average. Took chicken, cockles, squid with a syrup drink is RM 22. You can get free filter water at the hand wash."
['nasi lemak'],"[[{'label': 'sadness', 'score': 0.0013413196429610252}, {'label': 'joy', 'score': 0.9964738488197327}, {'label': 'love', 'score': 0.0004348277871031314}, {'label': 'anger', 'score': 0.0005947561585344374}, {'label': 'fear', 'score': 0.0005948285106569529}, {'label': 'surprise', 'score': 0.0005603227182291448}]]",Their nasi lemak tasted normal.
"['que', 'ordering process']","[[{'label': 'sadness', 'score': 0.0018041139701381326}, {'label': 'joy', 'score': 0.09420374035835266}, {'label': 'love', 'score': 0.0027129878289997578}, {'label': 'anger', 'score': 0.8534577488899231}, {'label': 'fear', 'score': 0.04168770834803581}, {'label': 'surprise', 'score': 0.006133750546723604}]]","Had this famous nasi Lemak for breakfast today. Came at 8:30am (public holiday today). It was open and already half full. There was a que but it was moving fast, thanks to ordering process."
"['portions', 'food']","[[{'label': 'sadness', 'score': 0.0002636945864651352}, {'label': 'joy', 'score': 0.9979211688041687}, {'label': 'love', 'score': 0.001038845512084663}, {'label': 'anger', 'score': 0.00027077971026301384}, {'label': 'fear', 'score': 0.00014136781101115048}, {'label': 'surprise', 'score': 0.00036411549081094563}]]","Serving only nasi lemak, this huge restaurant offers various sides, fruit juices/smoothies, and desserts. There are 2 lines for either dining in or take out. Portions were not too big. The food was delicious. Lots of workers and plenty of "
"['clean', 'place', 'price']","[[{'label': 'sadness', 'score': 0.0019600526429712772}, {'label': 'joy', 'score': 0.9931898713111877}, {'label': 'love', 'score': 0.001667940290644765}, {'label': 'anger', 'score': 0.0012555764988064766}, {'label': 'fear', 'score': 0.0009766689036041498}, {'label': 'surprise', 'score': 0.000949795707128942}]]",Nice and clean place. Price reasonable. Can try.
"['food', 'price']","[[{'label': 'sadness', 'score': 0.00994091760367155}, {'label': 'joy', 'score': 0.9151105284690857}, {'label': 'love', 'score': 0.0036616658326238394}, {'label': 'anger', 'score': 0.06875220686197281}, {'label': 'fear', 'score': 0.0009052632376551628}, {'label': 'surprise', 'score': 0.0016294163651764393}]]","The food is very delicious and great!. Cheap price, recommend everyone to try it!!!"
"['taste', 'sambal']","[[{'label': 'sadness', 'score': 0.0008282499620690942}, {'label': 'joy', 'score': 0.0025958060286939144}, {'label': 'love', 'score': 0.9886528849601746}, {'label': 'anger', 'score': 0.003619024297222495}, {'label': 'fear', 'score': 0.001290048472583294}, {'label': 'surprise', 'score': 0.0030139328446239233}]]",Good to try. Taste better. But sambal not hot.
"['food', 'service']","[[{'label': 'sadness', 'score': 0.6221145391464233}, {'label': 'joy', 'score': 0.0022220900282263756}, {'label': 'love', 'score': 0.0006424832390621305}, {'label': 'anger', 'score': 0.367695152759552}, {'label': 'fear', 'score': 0.006692319642752409}, {'label': 'surprise', 'score': 0.0006334829377010465}]]","Don't buy their food online. Terrible service, after 1 hour still in process with an excuse that they have too many customers onsite. Asked for refund also not prompt"
['sambal'],"[[{'label': 'sadness', 'score': 0.00045843367115594447}, {'label': 'joy', 'score': 0.9966140389442444}, {'label': 'love', 'score': 0.0018990641692653298}, {'label': 'anger', 'score': 0.0004294153186492622}, {'label': 'fear', 'score': 0.00022558752971235663}, {'label': 'surprise', 'score': 0.00037337769754230976}]]",The sambal so delicious 
"['food', 'sambal', 'portion', 'price', 'portion', 'portion']","[[{'label': 'sadness', 'score': 0.21367613971233368}, {'label': 'joy', 'score': 0.3686217665672302}, {'label': 'love', 'score': 0.010259848088026047}, {'label': 'anger', 'score': 0.28943830728530884}, {'label': 'fear', 'score': 0.10869456827640533}, {'label': 'surprise', 'score': 0.009309392422437668}]]","The overall food is okay. The sambal is good. The portion of nasi lemak is very small compared to the price. Even for someone like me who eats less rice, the portion seems insufficient. Hehe, but overall, it's okay; there is just a need for improvement in terms of portion. Thank you"
"['service', 'nasi lemak', 'drink']","[[{'label': 'sadness', 'score': 0.0016768844798207283}, {'label': 'joy', 'score': 0.8157925605773926}, {'label': 'love', 'score': 0.16765443980693817}, {'label': 'anger', 'score': 0.00903165340423584}, {'label': 'fear', 'score': 0.001998430583626032}, {'label': 'surprise', 'score': 0.003846133127808571}]]",Fast service. Delicious nasi lemak. Tasty drink
['staff'],"[[{'label': 'sadness', 'score': 0.001115216058678925}, {'label': 'joy', 'score': 0.9878057241439819}, {'label': 'love', 'score': 0.002375273033976555}, {'label': 'anger', 'score': 0.006631975062191486}, {'label': 'fear', 'score': 0.001144874026067555}, {'label': 'surprise', 'score': 0.000926931097637862}]]","Ate here today... whoa, they need to tell the staff to smile more"
"['food', 'server', 'price', 'price', 'dish']","[[{'label': 'sadness', 'score': 0.019164983183145523}, {'label': 'joy', 'score': 0.6260015368461609}, {'label': 'love', 'score': 0.007921380922198296}, {'label': 'anger', 'score': 0.33798086643218994}, {'label': 'fear', 'score': 0.004135376773774624}, {'label': 'surprise', 'score': 0.004795880988240242}]]","The food server is very rude. No need to sit in front, sis, if you're going to treat people like that. The price of the dishes is considered cheap because the chicken is big. But charging the same price for rice and the dish is just not right. It's ridiculously minimal; you want to charge RM5.50 for this?! Capitalist"
"['food', 'environment', 'chili sauce']","[[{'label': 'sadness', 'score': 0.0007023120997473598}, {'label': 'joy', 'score': 0.02876969240605831}, {'label': 'love', 'score': 0.9655871391296387}, {'label': 'anger', 'score': 0.00224359636195004}, {'label': 'fear', 'score': 0.0007900995551608503}, {'label': 'surprise', 'score': 0.0019072259310632944}]]","Not so hype, and the food was okay. The environment was good. The chili sauce was kind of sweet for me which I do not prefer."
['parking'],"[[{'label': 'sadness', 'score': 0.04090908542275429}, {'label': 'joy', 'score': 0.34075868129730225}, {'label': 'love', 'score': 0.013754722662270069}, {'label': 'anger', 'score': 0.23534661531448364}, {'label': 'fear', 'score': 0.34938284754753113}, {'label': 'surprise', 'score': 0.019848046824336052}]]",Limited parking space but accessible..
"['sambal', 'crowded']","[[{'label': 'sadness', 'score': 0.022416600957512856}, {'label': 'joy', 'score': 0.00400309544056654}, {'label': 'love', 'score': 0.0007803397602401674}, {'label': 'anger', 'score': 0.9159384965896606}, {'label': 'fear', 'score': 0.055587850511074066}, {'label': 'surprise', 'score': 0.0012737184297293425}]]","For me, it's kind of overrated because to me the sambal was ordinary...but serves many kinds of dishes too. Parking: Very crowded area, must pay to park at the parking area nearby"
"['portion', 'rice']","[[{'label': 'sadness', 'score': 0.006391617469489574}, {'label': 'joy', 'score': 0.9833383560180664}, {'label': 'love', 'score': 0.002548340242356062}, {'label': 'anger', 'score': 0.005276545416563749}, {'label': 'fear', 'score': 0.0016633484046906233}, {'label': 'surprise', 'score': 0.0007817976293154061}]]",Okay the portion of the rice is small
"['sotong', 'sambal', 'rice', 'parking', 'price']","[[{'label': 'sadness', 'score': 0.0009524889755994081}, {'label': 'joy', 'score': 0.9961329698562622}, {'label': 'love', 'score': 0.0010690671624615788}, {'label': 'anger', 'score': 0.0009879450080916286}, {'label': 'fear', 'score': 0.00043604211532510817}, {'label': 'surprise', 'score': 0.0004213849315419793}]]",Took sotong which was ok. Sambal good but on the sweet side. Rice was a total let down. It was soggy and wet with no hint of coconut milk. Overall a bit overrated. Nasi lemak RM 10 and Nescafe drink RM4. Parking RM5. Price wise ok.
"['squid', 'chili gravy', 'rice', 'parking', 'price']","[[{'label': 'sadness', 'score': 0.0009524889755994081}, {'label': 'joy', 'score': 0.9961329698562622}, {'label': 'love', 'score': 0.0010690671624615788}, {'label': 'anger', 'score': 0.0009879450080916286}, {'label': 'fear', 'score': 0.00043604211532510817}, {'label': 'surprise', 'score': 0.0004213849315419793}]]",Took squid which was ok. The chili gravy good but on the sweet side. Rice was a total let down. It was soggy and wet with no hint of coconut milk. Overall a bit overrated. Nasi lemak RM 10 and Nescafe drink RM4. Parking RM5. Price wise ok.
['staff'],"[[{'label': 'sadness', 'score': 0.03408689424395561}, {'label': 'joy', 'score': 0.9245631098747253}, {'label': 'love', 'score': 0.0025115145836025476}, {'label': 'anger', 'score': 0.03349263221025467}, {'label': 'fear', 'score': 0.003998131025582552}, {'label': 'surprise', 'score': 0.0013478592736646533}]]",Can get crowded but they have ample staff so things are cleaned quick
"['staff', 'food', 'portion']","[[{'label': 'sadness', 'score': 0.039564356207847595}, {'label': 'joy', 'score': 0.08138324320316315}, {'label': 'love', 'score': 0.004851125180721283}, {'label': 'anger', 'score': 0.8520675897598267}, {'label': 'fear', 'score': 0.019517244771122932}, {'label': 'surprise', 'score': 0.002616479294374585}]]","Service that's less friendly from the front-of-house staff. The food is tasty. The portion of rice is too little. When selling, don't be stingy with blessings. Share a smile :)"
"['nasi lemak', 'sambal']","[[{'label': 'sadness', 'score': 0.0009247261914424598}, {'label': 'joy', 'score': 0.030276553705334663}, {'label': 'love', 'score': 0.9645163416862488}, {'label': 'anger', 'score': 0.002040419029071927}, {'label': 'fear', 'score': 0.0010253876680508256}, {'label': 'surprise', 'score': 0.001216571545228362}]]",The nasi lemak is just average. The sambal is too sweet
"['nasi lemak', 'squid', 'portion']","[[{'label': 'sadness', 'score': 0.0024601805489510298}, {'label': 'joy', 'score': 0.29298800230026245}, {'label': 'love', 'score': 0.6981891393661499}, {'label': 'anger', 'score': 0.0032412330619990826}, {'label': 'fear', 'score': 0.001433145022019744}, {'label': 'surprise', 'score': 0.0016882518539205194}]]",Meets expectations. The nasi lemak is really delicious. The squid is incredibly tender. The portion is generous.
"['nasi lemak', 'parking']","[[{'label': 'sadness', 'score': 0.007331163622438908}, {'label': 'joy', 'score': 0.012532847933471203}, {'label': 'love', 'score': 0.0029453919269144535}, {'label': 'anger', 'score': 0.873576819896698}, {'label': 'fear', 'score': 0.10054567456245422}, {'label': 'surprise', 'score': 0.003067974466830492}]]",Best nasi lemak in town. Parking: Limited parking
"['nasi lemak', 'expensive']","[[{'label': 'sadness', 'score': 0.08178532123565674}, {'label': 'joy', 'score': 0.11981196701526642}, {'label': 'love', 'score': 0.009079793468117714}, {'label': 'anger', 'score': 0.7786935567855835}, {'label': 'fear', 'score': 0.006376645062118769}, {'label': 'surprise', 'score': 0.004252754617482424}]]",overrated nasi lemak. sorry. expensive to me
"['food', 'price']","[[{'label': 'sadness', 'score': 0.17031021416187286}, {'label': 'joy', 'score': 0.3740791380405426}, {'label': 'love', 'score': 0.007746957242488861}, {'label': 'anger', 'score': 0.43686407804489136}, {'label': 'fear', 'score': 0.0071175554767251015}, {'label': 'surprise', 'score': 0.0038821122143417597}]]","The food tastes normal. The price, it's expensive"
"['place', 'staff', 'portion', 'dishes', 'air - conditioned area']","[[{'label': 'sadness', 'score': 0.009575963020324707}, {'label': 'joy', 'score': 0.567190945148468}, {'label': 'love', 'score': 0.009317166171967983}, {'label': 'anger', 'score': 0.23170891404151917}, {'label': 'fear', 'score': 0.1599433571100235}, {'label': 'surprise', 'score': 0.022263692691922188}]]","Clean place. Efficient staff. They sweep whenever they see trash. But the issue is, the rice portion is very small. The dishes are delicious, but there's too little. Two bites, and it's gone. Hmm. Even sitting in the air-conditioned area has a charge. Please give a bit more rice."
"['taste', 'pricy']","[[{'label': 'sadness', 'score': 0.001086309552192688}, {'label': 'joy', 'score': 0.9796227812767029}, {'label': 'love', 'score': 0.009789526462554932}, {'label': 'anger', 'score': 0.006050451193004847}, {'label': 'fear', 'score': 0.001628378638997674}, {'label': 'surprise', 'score': 0.0018224507803097367}]]",The taste is too salty. It's too pricy. Parking: No parking lot
"['nasi lemak', 'parking', 'avocado smoothies', 'avocado']","[[{'label': 'sadness', 'score': 0.0299371425062418}, {'label': 'joy', 'score': 0.007237688172608614}, {'label': 'love', 'score': 0.008932222612202168}, {'label': 'anger', 'score': 0.8780910968780518}, {'label': 'fear', 'score': 0.0736112967133522}, {'label': 'surprise', 'score': 0.0021905493922531605}]]","2 stars because their nasi lemak just taste ok. Nothing special. Not worth my time to find parking and have to queue for food. Their avocado smoothies is the worst i ever taste! They use unripe avocado. It taste extremely bitter. End up have to throw away , waste my RM7"
"['nasi lemak', 'parking', 'avocado smoothies']","[[{'label': 'sadness', 'score': 0.0009886214975267649}, {'label': 'joy', 'score': 0.0002565432514529675}, {'label': 'love', 'score': 0.000869451614562422}, {'label': 'anger', 'score': 0.9972077012062073}, {'label': 'fear', 'score': 0.0003431947552599013}, {'label': 'surprise', 'score': 0.00033445892040617764}]]","2 stars because their nasi lemak just taste ok. Nothing special. Not worth my time to find parking and have to queue for food. Their avocado smoothies is the worst i ever taste ,it taste extremely bitter. End up have to throw away , waste my RM7"
"['place', 'service']","[[{'label': 'sadness', 'score': 0.005858865100890398}, {'label': 'joy', 'score': 0.9558987617492676}, {'label': 'love', 'score': 0.0031183455139398575}, {'label': 'anger', 'score': 0.020472947508096695}, {'label': 'fear', 'score': 0.011873031966388226}, {'label': 'surprise', 'score': 0.002778192749246955}]]","Such a nice place, very comfortable. Fast service"
"['nasi lemak', 'service', 'portion']","[[{'label': 'sadness', 'score': 0.031492285430431366}, {'label': 'joy', 'score': 0.76535564661026}, {'label': 'love', 'score': 0.011170297861099243}, {'label': 'anger', 'score': 0.17284174263477325}, {'label': 'fear', 'score': 0.011873751878738403}, {'label': 'surprise', 'score': 0.007266333792358637}]]","The Nasi Lemak was tasty. Enjoyed it thoroughly, super fast service too. However, the rice portion was quite small, but one may ask for extra rice ( chargeable RM1). Worth it, recommended!"
"['parking', 'service']","[[{'label': 'sadness', 'score': 0.0008575243991799653}, {'label': 'joy', 'score': 0.9948297142982483}, {'label': 'love', 'score': 0.0013460370246320963}, {'label': 'anger', 'score': 0.0010883178329095244}, {'label': 'fear', 'score': 0.0009683641837909818}, {'label': 'surprise', 'score': 0.0009101330651901662}]]",Parking is rather difficult ... for motorized people ... easy. Fast service ..
['nasi lemak'],"[[{'label': 'sadness', 'score': 0.002795484149828553}, {'label': 'joy', 'score': 0.8916251063346863}, {'label': 'love', 'score': 0.09622588008642197}, {'label': 'anger', 'score': 0.004862674046307802}, {'label': 'fear', 'score': 0.0014403959503397346}, {'label': 'surprise', 'score': 0.0030502998270094395}]]",Nice nasi lemak. One of the best I had in KL. Thumbs up
"['neat', 'clean', 'seating', 'food']","[[{'label': 'sadness', 'score': 0.0003521340258885175}, {'label': 'joy', 'score': 0.9986085295677185}, {'label': 'love', 'score': 0.0003939181624446064}, {'label': 'anger', 'score': 0.00020038762886542827}, {'label': 'fear', 'score': 0.00016139248327817768}, {'label': 'surprise', 'score': 0.0002837089996319264}]]","The place is very neat and clean. Very comfortable seating. As for the food, it's not as delicious as I expected. I couldn't finish eating, to be honest."
"['food', 'service']","[[{'label': 'sadness', 'score': 0.0010273678926751018}, {'label': 'joy', 'score': 0.9960337281227112}, {'label': 'love', 'score': 0.0014132695505395532}, {'label': 'anger', 'score': 0.0008971926872618496}, {'label': 'fear', 'score': 0.00016110150318127126}, {'label': 'surprise', 'score': 0.00046721662511117756}]]",The food does not follow my liking. Service was great though.
"['sambal', 'pricey']","[[{'label': 'sadness', 'score': 0.01485913060605526}, {'label': 'joy', 'score': 0.8952383399009705}, {'label': 'love', 'score': 0.06021915003657341}, {'label': 'anger', 'score': 0.019720375537872314}, {'label': 'fear', 'score': 0.005218779668211937}, {'label': 'surprise', 'score': 0.0047441888600587845}]]",The sambal is not spicy but a bit sweet. Quite pricey
"['place', 'parking']","[[{'label': 'sadness', 'score': 0.0036675105802714825}, {'label': 'joy', 'score': 0.9870957136154175}, {'label': 'love', 'score': 0.0011017683427780867}, {'label': 'anger', 'score': 0.00547053711488843}, {'label': 'fear', 'score': 0.0020081126131117344}, {'label': 'surprise', 'score': 0.0006564143695868552}]]",An excellent place to enjoy traditional nasi lemak in the heart of Kuala Lumpur. The only challenge is to find a good parking slot but quite a several slots are there for a fee... it is a must try.
"['sambal', 'taste', 'pricey']","[[{'label': 'sadness', 'score': 0.06722912192344666}, {'label': 'joy', 'score': 0.1188412755727768}, {'label': 'love', 'score': 0.011143883690237999}, {'label': 'anger', 'score': 0.7922287583351135}, {'label': 'fear', 'score': 0.007829912006855011}, {'label': 'surprise', 'score': 0.0027269679121673107}]]","The sambal is overly salty. Overall taste is just average, a lot of roadside nasi lemak at other places are much better than wanjo. The reviewers have overrated wanjo. I also ordered an additional small bowl of plain rice, they charged RM3. This is extremely pricey and I will not go back again."
"['fried', 'chicken', 'rendang', 'ayam masak merah', 'queue']","[[{'label': 'sadness', 'score': 0.0011444801930338144}, {'label': 'joy', 'score': 0.9893544912338257}, {'label': 'love', 'score': 0.0006784727447666228}, {'label': 'anger', 'score': 0.005334381014108658}, {'label': 'fear', 'score': 0.0011943872086703777}, {'label': 'surprise', 'score': 0.0022937559988349676}]]",Fried chicken also quite a letdown with minimal rempah to flood the nasi lemak. Enjoyed the rendang and ayam masak merah. The variety available. Fast-moving queue is a plus!
"['parking', 'nasi lemak', 'price']","[[{'label': 'sadness', 'score': 0.0005554825183935463}, {'label': 'joy', 'score': 0.9977929592132568}, {'label': 'love', 'score': 0.0006755867507308722}, {'label': 'anger', 'score': 0.0004693169903475791}, {'label': 'fear', 'score': 0.00023005978437140584}, {'label': 'surprise', 'score': 0.0002765188692137599}]]",Parking is an issue. But the restaurant provides a good tasty nasi lemak. Price is still acceptable. They have a different lane for dine in and take-away. There are many other restaurants around. Surrounding looks very packed.
"['nasi lemak', 'chicken']","[[{'label': 'sadness', 'score': 0.6895480751991272}, {'label': 'joy', 'score': 0.19128921627998352}, {'label': 'love', 'score': 0.036317210644483566}, {'label': 'anger', 'score': 0.05081147328019142}, {'label': 'fear', 'score': 0.024022314697504044}, {'label': 'surprise', 'score': 0.008011863566935062}]]",Sad nasi lemak. The chicken is so dry. My supper is so sad.
"['clean', 'nasi lemak', 'sambal', 'beef rendang']","[[{'label': 'sadness', 'score': 0.0003647722187452018}, {'label': 'joy', 'score': 0.9978331923484802}, {'label': 'love', 'score': 0.001115209306590259}, {'label': 'anger', 'score': 0.0002900819235946983}, {'label': 'fear', 'score': 0.00016013093409128487}, {'label': 'surprise', 'score': 0.00023656929261051118}]]","Very clean environment, and lots of fans to keep you cool. Nasi lemak is very nice. The sambal is excessively sweet, and I find it unpleasant. Beef rendang is very delicious"
"['service', 'food']","[[{'label': 'sadness', 'score': 0.00023415475152432919}, {'label': 'joy', 'score': 0.9969845414161682}, {'label': 'love', 'score': 0.0021806349977850914}, {'label': 'anger', 'score': 0.0002411079767625779}, {'label': 'fear', 'score': 0.0001124895570683293}, {'label': 'surprise', 'score': 0.0002470385516062379}]]",Service is satisfactory. The food is delicious.
"['place', 'queue', 'taste']","[[{'label': 'sadness', 'score': 0.0003039957373403013}, {'label': 'joy', 'score': 0.9961531758308411}, {'label': 'love', 'score': 0.0012590807164087892}, {'label': 'anger', 'score': 0.0002238251327071339}, {'label': 'fear', 'score': 0.00027025360031984746}, {'label': 'surprise', 'score': 0.0017895454075187445}]]","Very basic. The place was big and having ample of seating. The queue was long but manageable. Quite fast you are being served. The taste was just ordinary nothing more and nothing special. Toilets was clean and good water pressure. There were two seating areas which naturally aspirated air and air-conditioning section. For air conditioning section there is 1 ringgit levi per person per entry. Overall, just very basic and ordinary."
['nasi lemak'],"[[{'label': 'sadness', 'score': 0.0013162338873371482}, {'label': 'joy', 'score': 0.9955065250396729}, {'label': 'love', 'score': 0.0013341583544388413}, {'label': 'anger', 'score': 0.0010312919039279222}, {'label': 'fear', 'score': 0.0004499356437008828}, {'label': 'surprise', 'score': 0.00036192996776662767}]]",I think this is the best nasi lemak in town i've tried
"['food', 'place']","[[{'label': 'sadness', 'score': 0.004327024333178997}, {'label': 'joy', 'score': 0.0013971228618174791}, {'label': 'love', 'score': 0.1625073105096817}, {'label': 'anger', 'score': 0.013308688998222351}, {'label': 'fear', 'score': 0.8005927205085754}, {'label': 'surprise', 'score': 0.017867153510451317}]]","The food for me is average only. The place is so hot and humid, that is the most uncomfortable thing."
"['food', 'price']","[[{'label': 'sadness', 'score': 0.10699363052845001}, {'label': 'joy', 'score': 0.04859938099980354}, {'label': 'love', 'score': 0.0032693527173250914}, {'label': 'anger', 'score': 0.8262841701507568}, {'label': 'fear', 'score': 0.011330407112836838}, {'label': 'surprise', 'score': 0.0035229951608926058}]]",Just average food. The price is expensive
"['dining place', 'squid']","[[{'label': 'sadness', 'score': 0.0006622633663937449}, {'label': 'joy', 'score': 0.9825907349586487}, {'label': 'love', 'score': 0.014829433523118496}, {'label': 'anger', 'score': 0.0009251476149074733}, {'label': 'fear', 'score': 0.0003176312311552465}, {'label': 'surprise', 'score': 0.0006747816223651171}]]",The dining place is indeed great. The squid is delicious.
"['sambal', 'rice', 'traffic']","[[{'label': 'sadness', 'score': 0.2233746200799942}, {'label': 'joy', 'score': 0.003584044985473156}, {'label': 'love', 'score': 0.0015480201691389084}, {'label': 'anger', 'score': 0.6152812242507935}, {'label': 'fear', 'score': 0.15491896867752075}, {'label': 'surprise', 'score': 0.001293124514631927}]]","Tried it because of the hype. But I personally feel that it is nothing special.  The sambal has good enough heat but not enough flavor.  The rice texture is good and fragrant.  Traffic is bad around this area.  Paid parking available, RM 5 for 3 hours. The plain nasi lemak is RM 5 per plate."
"['service', 'food']","[[{'label': 'sadness', 'score': 0.0023194148670881987}, {'label': 'joy', 'score': 0.9718176126480103}, {'label': 'love', 'score': 0.019820142537355423}, {'label': 'anger', 'score': 0.004354887641966343}, {'label': 'fear', 'score': 0.0006397583638317883}, {'label': 'surprise', 'score': 0.0010482454672455788}]]",Fast service. Nice food
"['place', 'side dishes']","[[{'label': 'sadness', 'score': 0.0031154605094343424}, {'label': 'joy', 'score': 0.9613928198814392}, {'label': 'love', 'score': 0.021774502471089363}, {'label': 'anger', 'score': 0.010535161942243576}, {'label': 'fear', 'score': 0.0013790883822366595}, {'label': 'surprise', 'score': 0.0018029989441856742}]]","Best place for nasi lemak lovers. Great, they offer nasi lemak with various side dishes to choose from, such as sotong sambal, fried chicken, sambal clams, lung, and more."
"['clean', 'bright', 'staff', 'prayer room', 'free coway water', 'food']","[[{'label': 'sadness', 'score': 0.0003155726008117199}, {'label': 'joy', 'score': 0.9978491067886353}, {'label': 'love', 'score': 0.0011148984776809812}, {'label': 'anger', 'score': 0.00021405681036412716}, {'label': 'fear', 'score': 0.00018351429025642574}, {'label': 'surprise', 'score': 0.00032277690479531884}]]",A clean and bright shop. Friendly staff. Clean prayer room. Provides free Coway water. Delicious food.
['nasi lemak'],"[[{'label': 'sadness', 'score': 0.010101367719471455}, {'label': 'joy', 'score': 0.6511001586914062}, {'label': 'love', 'score': 0.251981258392334}, {'label': 'anger', 'score': 0.07099232077598572}, {'label': 'fear', 'score': 0.007480395957827568}, {'label': 'surprise', 'score': 0.00834448728710413}]]",Nasi lemak is tasty
['nasi lemak'],"[[{'label': 'sadness', 'score': 0.001946940436027944}, {'label': 'joy', 'score': 0.9935426712036133}, {'label': 'love', 'score': 0.0026335762813687325}, {'label': 'anger', 'score': 0.0007845010841265321}, {'label': 'fear', 'score': 0.0006672960007563233}, {'label': 'surprise', 'score': 0.0004249826888553798}]]",Nasi Lemak is okay
['server'],"[[{'label': 'sadness', 'score': 0.0009899017168208957}, {'label': 'joy', 'score': 0.003087299410253763}, {'label': 'love', 'score': 0.0020717158913612366}, {'label': 'anger', 'score': 0.9861465096473694}, {'label': 'fear', 'score': 0.005943164695054293}, {'label': 'surprise', 'score': 0.001761459861882031}]]",I left upset without eating. Turned off by the first server who scooped out rice curt attitude
"['spices', 'portion']","[[{'label': 'sadness', 'score': 0.00030461279675364494}, {'label': 'joy', 'score': 0.997875452041626}, {'label': 'love', 'score': 0.0010286439210176468}, {'label': 'anger', 'score': 0.0003402055299375206}, {'label': 'fear', 'score': 0.00014141557039692998}, {'label': 'surprise', 'score': 0.0003096831205766648}]]",Delicious! The spices are generous. The portion can truly make you full.
['services'],"[[{'label': 'sadness', 'score': 0.0014172450173646212}, {'label': 'joy', 'score': 0.9954604506492615}, {'label': 'love', 'score': 0.000999883166514337}, {'label': 'anger', 'score': 0.000860678730532527}, {'label': 'fear', 'score': 0.0005199257284402847}, {'label': 'surprise', 'score': 0.0007417398737743497}]]",Very convenient services. Cheap and Delicious.
['sambal'],"[[{'label': 'sadness', 'score': 0.00038421430508606136}, {'label': 'joy', 'score': 0.9984883069992065}, {'label': 'love', 'score': 0.00035047344863414764}, {'label': 'anger', 'score': 0.0002925345324911177}, {'label': 'fear', 'score': 0.0001516652264399454}, {'label': 'surprise', 'score': 0.0003328573366161436}]]","Wow, their sambal is excellent!"
"['food', 'service', 'price']","[[{'label': 'sadness', 'score': 0.004059678874909878}, {'label': 'joy', 'score': 0.9849523901939392}, {'label': 'love', 'score': 0.0020817078184336424}, {'label': 'anger', 'score': 0.005031966138631105}, {'label': 'fear', 'score': 0.0021986376959830523}, {'label': 'surprise', 'score': 0.001675790292210877}]]",The food was great. The service was fast. The price was reasonable given the location and amount of the dishes
"['rice', 'ayam masak merah', 'fried chicken', 'bergedils']","[[{'label': 'sadness', 'score': 0.0004480991919990629}, {'label': 'joy', 'score': 0.0007979036890901625}, {'label': 'love', 'score': 0.9955310225486755}, {'label': 'anger', 'score': 0.001047533587552607}, {'label': 'fear', 'score': 0.0010763454483821988}, {'label': 'surprise', 'score': 0.0010990556329488754}]]",The rice is fragrant and has a rich coconut flavor. The ayam masak merah is delicious and tender. The fried chicken is sadly dry. Even the bergedils are soft and tender.
"['nasi', 'nasi']","[[{'label': 'sadness', 'score': 0.0015791283221915364}, {'label': 'joy', 'score': 0.06669145822525024}, {'label': 'love', 'score': 0.9250453114509583}, {'label': 'anger', 'score': 0.0030087351333349943}, {'label': 'fear', 'score': 0.0016493585426360369}, {'label': 'surprise', 'score': 0.0020259565208107233}]]","Finally, I got to enjoy Nasi Lemak. The taste is almost similar to Nasi Uduk, but its distinctive feature lies in the slightly sweet sambal. It goes well with Teh Halia, which is pulled tea mixed with ginger extract, giving a warm feeling to the throat. It's quite crowded with many customers coming in."
['service'],"[[{'label': 'sadness', 'score': 0.028085682541131973}, {'label': 'joy', 'score': 0.0024177050217986107}, {'label': 'love', 'score': 0.0008370565483346581}, {'label': 'anger', 'score': 0.956478476524353}, {'label': 'fear', 'score': 0.011502768844366074}, {'label': 'surprise', 'score': 0.0006782851414754987}]]",Did not disappoint with the service
['staff'],"[[{'label': 'sadness', 'score': 0.005707671865820885}, {'label': 'joy', 'score': 0.06876255571842194}, {'label': 'love', 'score': 0.0024735925253480673}, {'label': 'anger', 'score': 0.8750641345977783}, {'label': 'fear', 'score': 0.03941934555768967}, {'label': 'surprise', 'score': 0.008572651073336601}]]",Why the staff do not smile? it makes the customer feels uncomfortable
"['place', 'food', 'price']","[[{'label': 'sadness', 'score': 0.0039961677975952625}, {'label': 'joy', 'score': 0.9844659566879272}, {'label': 'love', 'score': 0.004213033244013786}, {'label': 'anger', 'score': 0.0029099464882165194}, {'label': 'fear', 'score': 0.0026027329731732607}, {'label': 'surprise', 'score': 0.0018120909808203578}]]",Very good and neat place. The food was yummy. Add ons as you pay. Reasonable price.
"['nasi lemak', 'chicken', 'beef']","[[{'label': 'sadness', 'score': 0.023186223581433296}, {'label': 'joy', 'score': 0.3458961844444275}, {'label': 'love', 'score': 0.08700871467590332}, {'label': 'anger', 'score': 0.5126566290855408}, {'label': 'fear', 'score': 0.01254169549793005}, {'label': 'surprise', 'score': 0.01871052384376526}]]","The nasi lemak was excellent. However, the chicken were inedible (tough meat). In the beef rendang, there was only sauce with at most 1 piece of meat. When I mentioned it, no attention was given to it."
"['taste', 'flow water', 'juice stuff']","[[{'label': 'sadness', 'score': 0.04466329887509346}, {'label': 'joy', 'score': 0.05043582618236542}, {'label': 'love', 'score': 0.0050542522221803665}, {'label': 'anger', 'score': 0.8902894258499146}, {'label': 'fear', 'score': 0.007926004938781261}, {'label': 'surprise', 'score': 0.0016312245279550552}]]",Ooh i love it. The taste is good. And they have free flow water too. But the juice stuff didn't our fave things in here. The rest is awesome.
"['food', 'avocado', 'chocolate smoothie']","[[{'label': 'sadness', 'score': 0.002843138063326478}, {'label': 'joy', 'score': 0.47600024938583374}, {'label': 'love', 'score': 0.49470385909080505}, {'label': 'anger', 'score': 0.016680479049682617}, {'label': 'fear', 'score': 0.003526050364598632}, {'label': 'surprise', 'score': 0.006246275268495083}]]",Love the food here! Went there two times. The avocado is great. The chocolate smoothie (9MYR) is tasty and filling.
['queue'],"[[{'label': 'sadness', 'score': 0.016742704436182976}, {'label': 'joy', 'score': 0.3739359974861145}, {'label': 'love', 'score': 0.007352323271334171}, {'label': 'anger', 'score': 0.3725001811981201}, {'label': 'fear', 'score': 0.21737512946128845}, {'label': 'surprise', 'score': 0.012093656696379185}]]",There was already a queue when I arrived for breakfast today. It was quite systematic and it didn't take too long for my turn.
"['taste', 'dining space']","[[{'label': 'sadness', 'score': 0.0009723579860292375}, {'label': 'joy', 'score': 0.9959096908569336}, {'label': 'love', 'score': 0.001867021550424397}, {'label': 'anger', 'score': 0.0007209526957012713}, {'label': 'fear', 'score': 0.00019146634440403432}, {'label': 'surprise', 'score': 0.0003384424780961126}]]","The overall taste is good. A standard nasi lemak with no special dishes. The food presentation is in the style of nasi campur. There is ample dining space, and it's a self-service setup"
['side dishes'],"[[{'label': 'sadness', 'score': 0.0037704170681536198}, {'label': 'joy', 'score': 0.2572237551212311}, {'label': 'love', 'score': 0.6101226806640625}, {'label': 'anger', 'score': 0.12136388570070267}, {'label': 'fear', 'score': 0.002921271836385131}, {'label': 'surprise', 'score': 0.0045980000868439674}]]",Not the best but surely not as bad as what the locals had be taunting endlessly. Love the variation of the side dishes. Some I would consider unique too. Will for sure come again and bring my international friends here.
"['parking', 'nasi lemak', 'portion', 'clean', 'spacious']","[[{'label': 'sadness', 'score': 0.0006410613423213363}, {'label': 'joy', 'score': 0.9977306723594666}, {'label': 'love', 'score': 0.0006292776088230312}, {'label': 'anger', 'score': 0.0005472873453982174}, {'label': 'fear', 'score': 0.00015753685147501528}, {'label': 'surprise', 'score': 0.00029408049886114895}]]",Parking is hassle & need to be patience. Packed with people even at night. Their nasi lemak is good. Only the rice portion is a bit small for adults. It would be better if they could improve on that part. The place is clean and spacious!
"['nasi lemak', 'sauce']","[[{'label': 'sadness', 'score': 0.0006558003951795399}, {'label': 'joy', 'score': 0.9973832964897156}, {'label': 'love', 'score': 0.0006284534465521574}, {'label': 'anger', 'score': 0.0006683989195153117}, {'label': 'fear', 'score': 0.0002902339037973434}, {'label': 'surprise', 'score': 0.00037366573815234005}]]",The nasi lemak is rich and flavorful!. The sauce is abundant!! Need to exercise more after such a sumptuous meal.
"['clean environment', 'nasi lemak', 'dish', 'sambal kerang']","[[{'label': 'sadness', 'score': 0.0011606283951550722}, {'label': 'joy', 'score': 0.9948445558547974}, {'label': 'love', 'score': 0.0013917594915255904}, {'label': 'anger', 'score': 0.0017748589161783457}, {'label': 'fear', 'score': 0.00039235682925209403}, {'label': 'surprise', 'score': 0.0004358096921350807}]]",Amazingly super clean restaurant environment. The Nasi Lemak not too bad. I wish the dish will have more milky coconut taste / feel. Sambal kerang is good.
"['nasi lemak', 'smoothie', 'pricing']","[[{'label': 'sadness', 'score': 0.0027101808227598667}, {'label': 'joy', 'score': 0.9894176125526428}, {'label': 'love', 'score': 0.0015970375388860703}, {'label': 'anger', 'score': 0.00460371607914567}, {'label': 'fear', 'score': 0.0009437023545615375}, {'label': 'surprise', 'score': 0.0007277158438228071}]]",Their nasi lemak is delicious and very filling. The smoothie had the perfect amount of sweetness and was not watery. Their pricing is very good.
"['food', 'prices', 'portion']","[[{'label': 'sadness', 'score': 0.11794868111610413}, {'label': 'joy', 'score': 0.3920813798904419}, {'label': 'love', 'score': 0.017764540389180183}, {'label': 'anger', 'score': 0.40769287943840027}, {'label': 'fear', 'score': 0.058112356811761856}, {'label': 'surprise', 'score': 0.006400157697498798}]]",The food was good. But the prices were too high. Even the portion was too small that wasn't enough for one serving
"['staff', 'sambal sauce', 'sotong', 'parking']","[[{'label': 'sadness', 'score': 0.007996069267392159}, {'label': 'joy', 'score': 0.9859195947647095}, {'label': 'love', 'score': 0.00117350067012012}, {'label': 'anger', 'score': 0.0031196465715765953}, {'label': 'fear', 'score': 0.0011705235810950398}, {'label': 'surprise', 'score': 0.000620733539108187}]]","This restaurant is one of the most famous ones for Malaysians. The staff was very fast. Its sambal sauce was special. Sotong was also good. But if you have a car, you need to find a good parking place. enjoy it."
"['shop', 'clean', 'food', 'prices', 'portions', 'squid']","[[{'label': 'sadness', 'score': 0.0002954837691504508}, {'label': 'joy', 'score': 0.9976950287818909}, {'label': 'love', 'score': 0.0013643866404891014}, {'label': 'anger', 'score': 0.00018251371511723846}, {'label': 'fear', 'score': 0.00016142285312525928}, {'label': 'surprise', 'score': 0.00030112097738310695}]]","The shop is very clean. The food is okay. Reasonable prices. The portions are good. Squid fat & shredded rm10, are so delicious, loss if you don't buy"
"['spacious', 'bright', 'clean', 'aircond room']","[[{'label': 'sadness', 'score': 0.0009683810640126467}, {'label': 'joy', 'score': 0.004984206985682249}, {'label': 'love', 'score': 0.9827885031700134}, {'label': 'anger', 'score': 0.006730515044182539}, {'label': 'fear', 'score': 0.0010723582236096263}, {'label': 'surprise', 'score': 0.003456102916970849}]]","Spacious, bright, and clean. We opted for the aircond room as it was a hot day and paid RM1 per person."
"['sambal', 'tea o ais limau']","[[{'label': 'sadness', 'score': 0.007333041168749332}, {'label': 'joy', 'score': 0.46429207921028137}, {'label': 'love', 'score': 0.4824802279472351}, {'label': 'anger', 'score': 0.04163588955998421}, {'label': 'fear', 'score': 0.0013155087362974882}, {'label': 'surprise', 'score': 0.002943227766081691}]]",Sambal was sweet which is unpleasant. I love the tea o ais limau only. 
"['taste', 'clean', 'hygienic', 'staff', 'price']","[[{'label': 'sadness', 'score': 0.008223007433116436}, {'label': 'joy', 'score': 0.9801968336105347}, {'label': 'love', 'score': 0.004644714295864105}, {'label': 'anger', 'score': 0.0037647096905857325}, {'label': 'fear', 'score': 0.0014415807090699673}, {'label': 'surprise', 'score': 0.0017290828982368112}]]","A different experience of Nasi Lemak. The taste is not bad. Very clean and hygienic place. Staff are very polite, well mannered and friendly. The price is surprisingly on the cheap side."
"['sambal', 'portion', 'price']","[[{'label': 'sadness', 'score': 0.003367132041603327}, {'label': 'joy', 'score': 0.989048957824707}, {'label': 'love', 'score': 0.0022068782709538937}, {'label': 'anger', 'score': 0.004105732310563326}, {'label': 'fear', 'score': 0.0006699459045194089}, {'label': 'surprise', 'score': 0.000601317617110908}]]","Delicious, spicy sambal. The portion not bad. The price is a bit more expensive than usual but worth it."
"['price', 'fooded', 'service']","[[{'label': 'sadness', 'score': 0.0005310336709953845}, {'label': 'joy', 'score': 0.9941093921661377}, {'label': 'love', 'score': 0.0008379661594517529}, {'label': 'anger', 'score': 0.0017961622215807438}, {'label': 'fear', 'score': 0.0013270359486341476}, {'label': 'surprise', 'score': 0.0013983749086037278}]]",Gone here with my family. The price is good for dinner. Food is good. Their chicken and begedil is big. Service is fast. No wait at all on saturday night
"['nasi lemak', 'sambal', 'squid sambal', 'parking']","[[{'label': 'sadness', 'score': 0.8436240553855896}, {'label': 'joy', 'score': 0.0066140443086624146}, {'label': 'love', 'score': 0.0007571462192572653}, {'label': 'anger', 'score': 0.08540406823158264}, {'label': 'fear', 'score': 0.06222759932279587}, {'label': 'surprise', 'score': 0.0013729570200666785}]]","The nasi lemak is cooked perfectly. It's delicious and fragrant. It's neither mushy nor lacking in moisture. The sambal is mildly spicy and somewhat sweet and for me, it is tasty even though it's not very thick. The squid sambal also tastes great. The only unsatisfactory thing is hard to find parking"
"['food', 'money', 'priced']","[[{'label': 'sadness', 'score': 0.0007391967810690403}, {'label': 'joy', 'score': 0.9963429570198059}, {'label': 'love', 'score': 0.0010641708504408598}, {'label': 'anger', 'score': 0.0012493287213146687}, {'label': 'fear', 'score': 0.00022292803623713553}, {'label': 'surprise', 'score': 0.000381222169380635}]]",Very yummy food!. Pretty good value for money. I ordered a lot as you can see from my photo and it was very reasonably priced.
"['nasi lemak', 'side dishes', 'portion', 'side dishes', 'air conditioning', 'coway water']","[[{'label': 'sadness', 'score': 0.0026445025578141212}, {'label': 'joy', 'score': 0.984334409236908}, {'label': 'love', 'score': 0.00800693966448307}, {'label': 'anger', 'score': 0.0018143715569749475}, {'label': 'fear', 'score': 0.0013749427162110806}, {'label': 'surprise', 'score': 0.0018249059794470668}]]","The nasi lemak is delicious. I felt sad when the sambal and other side dishes have a small portion of rice. The reason is that there are many side dishes. There are two seating areas. If you want air conditioning, it's an additional RM1 per person, but it's quite nice. It's hot outside. Coway water is provided for free. The iced syrup is delicious."
"['nasi lemak', 'quantity', 'service']","[[{'label': 'sadness', 'score': 0.9133464097976685}, {'label': 'joy', 'score': 0.0018150215037167072}, {'label': 'love', 'score': 0.0005104322335682809}, {'label': 'anger', 'score': 0.06607037037611008}, {'label': 'fear', 'score': 0.017740778625011444}, {'label': 'surprise', 'score': 0.0005169304786249995}]]","Nasi lemak is okay. The quantity is small. The service is very bad. We were eating as a family with a baby and my mother who is differently-abled, and the waiter came and asked us to move the table, saying the boss is angry about tables being connected. Very rude, especially when people are in the middle of their meal. No common sense at all. Will not come again and not recommended to come."
"['staff', 'clean', 'rendang chicken', 'beef']","[[{'label': 'sadness', 'score': 0.002022654050961137}, {'label': 'joy', 'score': 0.9934218525886536}, {'label': 'love', 'score': 0.0017884054686874151}, {'label': 'anger', 'score': 0.0014780153287574649}, {'label': 'fear', 'score': 0.0007752866949886084}, {'label': 'surprise', 'score': 0.0005135718965902925}]]","Wow! Fantastic food, incredible staff and a clean spot. We were in KL for three days and ate there every single day. No joke! A place where locals eat. Both the rendang chicken and beef are excellent. Do not leave here without the potato ball and a mango smoothie."
"['place', 'cheap', 'food']","[[{'label': 'sadness', 'score': 0.0013398445444181561}, {'label': 'joy', 'score': 0.9087557196617126}, {'label': 'love', 'score': 0.000822502130176872}, {'label': 'anger', 'score': 0.0011563474545255303}, {'label': 'fear', 'score': 0.0035807660315185785}, {'label': 'surprise', 'score': 0.0843447744846344}]]","Excellent place. Cheap, only locals inside and very few tourists! 4 of us ate Nasi lemak and ice teh tarik for altogether. 1 ringgit each to sit in an AC room. Overall amazing food, would return"
"['nasi lemak', 'paru', 'limpa', 'ayam masak merah', 'drinks']","[[{'label': 'sadness', 'score': 0.001146290684118867}, {'label': 'joy', 'score': 0.01689061149954796}, {'label': 'love', 'score': 0.9741530418395996}, {'label': 'anger', 'score': 0.004700527060776949}, {'label': 'fear', 'score': 0.0010675158118829131}, {'label': 'surprise', 'score': 0.002041945233941078}]]",Delicious Nasi Lemak. The paru was crunchy yet still soft and the limpa was delicious. Ayam masak merah portion was big and so was the begedil. Drinks was on the sweeter side so ask for less sugar if you don't like them sweet.
"['nasi lemak', 'quick']","[[{'label': 'sadness', 'score': 0.0002643846964929253}, {'label': 'joy', 'score': 0.9980587363243103}, {'label': 'love', 'score': 0.0008100384729914367}, {'label': 'anger', 'score': 0.0003970504621975124}, {'label': 'fear', 'score': 0.00014822946104686707}, {'label': 'surprise', 'score': 0.0003216566110495478}]]","Their mango smoothies are highly recommended! A popular restaurant among locals, specializing in nasi lemak. Not the best I've ever tasted, but it offers good value and is quick."
"['flavor', 'fried chicken', 'quick meal']","[[{'label': 'sadness', 'score': 0.010129010304808617}, {'label': 'joy', 'score': 0.9597975015640259}, {'label': 'love', 'score': 0.005311892833560705}, {'label': 'anger', 'score': 0.02147549018263817}, {'label': 'fear', 'score': 0.0021226052194833755}, {'label': 'surprise', 'score': 0.001163521665148437}]]","The flavor of the food becoming worse and worse. At one point, even the fried chicken was unflavourful. I used to love coming here for a quick meal and great teh ais. But I wouldn't repeat my visit after spending RM50 for two."
['nasi lemak'],"[[{'label': 'sadness', 'score': 0.009781303815543652}, {'label': 'joy', 'score': 0.9709466099739075}, {'label': 'love', 'score': 0.008988826535642147}, {'label': 'anger', 'score': 0.00860507134348154}, {'label': 'fear', 'score': 0.000778141082264483}, {'label': 'surprise', 'score': 0.0008998690755106509}]]",Good nasi lemak served here..
"['taste', 'sambal']","[[{'label': 'sadness', 'score': 0.005536487326025963}, {'label': 'joy', 'score': 0.02523278072476387}, {'label': 'love', 'score': 0.3506741225719452}, {'label': 'anger', 'score': 0.5845499634742737}, {'label': 'fear', 'score': 0.018390536308288574}, {'label': 'surprise', 'score': 0.015616150572896004}]]",The taste has gone down. The sambal not spicy
"['clean', 'staff', 'nasi lemak', 'varieties', 'dishes', 'parking']","[[{'label': 'sadness', 'score': 0.019879937171936035}, {'label': 'joy', 'score': 0.7319725155830383}, {'label': 'love', 'score': 0.008101663552224636}, {'label': 'anger', 'score': 0.22643029689788818}, {'label': 'fear', 'score': 0.00987991876900196}, {'label': 'surprise', 'score': 0.0037355737295001745}]]","The place is clean. The staff are friendly. Most importantly the Nasi Lemak is awesome. Many varieties and selections of dishes to compliment the main menu as we all love it. One tip tho, come early for better parking."
"['fried chicken', 'rice', 'sambal', 'anchovies']","[[{'label': 'sadness', 'score': 0.001571886707097292}, {'label': 'joy', 'score': 0.00039910487248562276}, {'label': 'love', 'score': 0.0009551480179652572}, {'label': 'anger', 'score': 0.9868916869163513}, {'label': 'fear', 'score': 0.009488034062087536}, {'label': 'surprise', 'score': 0.000694126239977777}]]","Only the fried chicken is tough and cold, not juicy. The rest, I like fragrant rice. The sambal is good. The anchovies are burnt."
"['place', 'service', 'price']","[[{'label': 'sadness', 'score': 0.0012560579925775528}, {'label': 'joy', 'score': 0.9957382678985596}, {'label': 'love', 'score': 0.0014008504804223776}, {'label': 'anger', 'score': 0.0006626771064475179}, {'label': 'fear', 'score': 0.0004283552407287061}, {'label': 'surprise', 'score': 0.0005137294647283852}]]",I love this place. Good service. The price affordable and reasonable.
"['place', 'food']","[[{'label': 'sadness', 'score': 0.00017655862029641867}, {'label': 'joy', 'score': 0.993636965751648}, {'label': 'love', 'score': 0.005319696385413408}, {'label': 'anger', 'score': 0.0002886252186726779}, {'label': 'fear', 'score': 0.00013657986710313708}, {'label': 'surprise', 'score': 0.00044150263420306146}]]",The best place. waiter is full of smiles. delicious food hot and fresh
"['clean', 'place', 'service', 'rice', 'sambal']","[[{'label': 'sadness', 'score': 0.029944313690066338}, {'label': 'joy', 'score': 0.912458598613739}, {'label': 'love', 'score': 0.0025654539931565523}, {'label': 'anger', 'score': 0.04623621329665184}, {'label': 'fear', 'score': 0.0059817638248205185}, {'label': 'surprise', 'score': 0.0028136945329606533}]]",Clean place. fast service. rice and sambal is average. seems overrated by all reviewing this place.
['nasi lemak'],"[[{'label': 'sadness', 'score': 0.002362336264923215}, {'label': 'joy', 'score': 0.9886283278465271}, {'label': 'love', 'score': 0.003632770851254463}, {'label': 'anger', 'score': 0.0033036137465387583}, {'label': 'fear', 'score': 0.0011886414140462875}, {'label': 'surprise', 'score': 0.0008843222167342901}]]",the best nasi lemak in town
"['portion', 'taste']","[[{'label': 'sadness', 'score': 0.0007036107126623392}, {'label': 'joy', 'score': 0.9967814683914185}, {'label': 'love', 'score': 0.0003592674038372934}, {'label': 'anger', 'score': 0.0004181304248049855}, {'label': 'fear', 'score': 0.00032473859027959406}, {'label': 'surprise', 'score': 0.0014128442853689194}]]","The rice portion is very small, not worth it. The taste is just ordinary."
"['nasi lemak', 'workers']","[[{'label': 'sadness', 'score': 0.00279023265466094}, {'label': 'joy', 'score': 0.0003719302185345441}, {'label': 'love', 'score': 0.0004475493624340743}, {'label': 'anger', 'score': 0.9894008040428162}, {'label': 'fear', 'score': 0.006660378538072109}, {'label': 'surprise', 'score': 0.00032902773818932474}]]",Nasi lemak is a bit hard. Unfriendly workers still hanging out even when customers come in
"['service', 'restroom', 'clean']","[[{'label': 'sadness', 'score': 0.0006696171476505697}, {'label': 'joy', 'score': 0.9979384541511536}, {'label': 'love', 'score': 0.0003586067177820951}, {'label': 'anger', 'score': 0.0002865852729883045}, {'label': 'fear', 'score': 0.0004074721073266119}, {'label': 'surprise', 'score': 0.00033932345104403794}]]",Very delicious. Been here twice. The service is also the best. The restroom is very clean and feels comfortable
"['nasi lemak', 'environment', 'clean']","[[{'label': 'sadness', 'score': 0.0006081844330765307}, {'label': 'joy', 'score': 0.9979791045188904}, {'label': 'love', 'score': 0.0007683092262595892}, {'label': 'anger', 'score': 0.0002893710625357926}, {'label': 'fear', 'score': 0.0001826783554861322}, {'label': 'surprise', 'score': 0.00017237379506696016}]]",Delicious nasi lemak. Ensure that the shop environment is always clean and cheerful.
"['queue', 'moves', 'service', 'rendang daging', 'sambal kerang', 'avocado', 'mango smoothies', 'parking']","[[{'label': 'sadness', 'score': 0.040892262011766434}, {'label': 'joy', 'score': 0.19158633053302765}, {'label': 'love', 'score': 0.005353889893740416}, {'label': 'anger', 'score': 0.44991329312324524}, {'label': 'fear', 'score': 0.29876017570495605}, {'label': 'surprise', 'score': 0.013494066894054413}]]",So we arrived around 10.30am. The queue was long but moves very fast. 100 for the service. We really love their rendang daging and sambal kerang. The freshly made avocado + mango smoothies were really good too! Parking was quite hard to find.
"['customer service', 'chicken', 'smoothies']","[[{'label': 'sadness', 'score': 0.0003921754832845181}, {'label': 'joy', 'score': 0.9962931275367737}, {'label': 'love', 'score': 0.00047545420238748193}, {'label': 'anger', 'score': 0.0006345498259179294}, {'label': 'fear', 'score': 0.0005413247272372246}, {'label': 'surprise', 'score': 0.0016633468912914395}]]","Oh man, where to even start!. This here is hands down where you are going to find the best nasi lemak in the city! The people are extremely nice and the customer service is amazing! They have many different kinds of chicken. They also make incredible smoothies! "
"['food', 'nasi lemak', 'rice', 'sambal', 'clean']","[[{'label': 'sadness', 'score': 0.00043677061330527067}, {'label': 'joy', 'score': 0.9961305856704712}, {'label': 'love', 'score': 0.002311757765710354}, {'label': 'anger', 'score': 0.00044865519157610834}, {'label': 'fear', 'score': 0.0002702036581467837}, {'label': 'surprise', 'score': 0.00040202445234172046}]]","The food doesnt live up to all the hype and buzz created by the media. Tastes like the average nasi lemak from any roadside stall. The rice isnt particularly fragrant. And the sambal,  nothing to shout about (a little too spicy though). But it has clean comfy seating, and popular with foreign tourists."
"['taste', 'clean', 'hygienic', 'staff', 'price']","[[{'label': 'sadness', 'score': 0.0022909820545464754}, {'label': 'joy', 'score': 0.9904757142066956}, {'label': 'love', 'score': 0.003823420964181423}, {'label': 'anger', 'score': 0.001559490105137229}, {'label': 'fear', 'score': 0.0006606902461498976}, {'label': 'surprise', 'score': 0.0011896190699189901}]]","A different experience of Nasi Lemak. The taste not bad. Very clean and hygienic place. Staff are very polite, well mannered and friendly. Price is surprisingly on the cheap side."
"['queue', 'management']","[[{'label': 'sadness', 'score': 0.0032879128120839596}, {'label': 'joy', 'score': 0.1924070119857788}, {'label': 'love', 'score': 0.011259986087679863}, {'label': 'anger', 'score': 0.7882413864135742}, {'label': 'fear', 'score': 0.0013729536440223455}, {'label': 'surprise', 'score': 0.003430785844102502}]]","First time eating at this place. It was fully seated, and we had to queue, but fortunately, it wasn't too long. Kudos to the management!"
"['sambal', 'portion', 'price']","[[{'label': 'sadness', 'score': 0.003367132041603327}, {'label': 'joy', 'score': 0.989048957824707}, {'label': 'love', 'score': 0.0022068782709538937}, {'label': 'anger', 'score': 0.004105732310563326}, {'label': 'fear', 'score': 0.0006699459045194089}, {'label': 'surprise', 'score': 0.000601317617110908}]]","Delicious, spicy sambal. Portion not bad. The price is a bit more expensive than usual but worth it."
"['service', 'clean', 'atmosphere', 'nasi lemak']","[[{'label': 'sadness', 'score': 0.002645296510308981}, {'label': 'joy', 'score': 0.9945974349975586}, {'label': 'love', 'score': 0.0009444314055144787}, {'label': 'anger', 'score': 0.0010330756194889545}, {'label': 'fear', 'score': 0.00024767438299022615}, {'label': 'surprise', 'score': 0.0005320840864442289}]]","I recently visited Restaurant Nasi Lemak WanJo and my experience was mixed. The service was decent. The restaurant was clean. The atmosphere was okay, nothing too special. The nasi lemak itself was okay, it was decent but nothing "
"['queue', 'service', 'rice', 'sambal']","[[{'label': 'sadness', 'score': 0.0006838661502115428}, {'label': 'joy', 'score': 0.015067537315189838}, {'label': 'love', 'score': 0.9787934422492981}, {'label': 'anger', 'score': 0.0032815327867865562}, {'label': 'fear', 'score': 0.0008856176282279193}, {'label': 'surprise', 'score': 0.0012879936257377267}]]","Long queue before can reach the counter. However, the service is fast. The rice is nice and creamy. Sambal is on sweeter side. Very focused menu serving only Nasi Lemak with fewer side dishes spread. "
"['taste', 'service']","[[{'label': 'sadness', 'score': 0.9920752048492432}, {'label': 'joy', 'score': 0.0006012386875227094}, {'label': 'love', 'score': 0.0002246498770546168}, {'label': 'anger', 'score': 0.005182776600122452}, {'label': 'fear', 'score': 0.0015969756059348583}, {'label': 'surprise', 'score': 0.0003190568822901696}]]","The taste of the food is still great in the new atmosphere. However, I am very disappointed with the service. When I came in during a quiet hour, the crew simply ignored me, and one of them even left, making me wait to place my order."
"['service', 'staff', 'price']","[[{'label': 'sadness', 'score': 0.002278018044307828}, {'label': 'joy', 'score': 0.9907059073448181}, {'label': 'love', 'score': 0.0034271085169166327}, {'label': 'anger', 'score': 0.0012420695275068283}, {'label': 'fear', 'score': 0.0012368037132546306}, {'label': 'surprise', 'score': 0.0011101893614977598}]]",The service was quite fast as there's a lot of friendly staff to assist you with your food choice. Affordable price too.
"['nasi lemak', 'side dishes', 'clean', 'staff']","[[{'label': 'sadness', 'score': 0.0003550306137185544}, {'label': 'joy', 'score': 0.9987195730209351}, {'label': 'love', 'score': 0.0003761870029848069}, {'label': 'anger', 'score': 0.00024129822850227356}, {'label': 'fear', 'score': 0.00013423062046058476}, {'label': 'surprise', 'score': 0.0001736754784360528}]]","Their Nasi Lemak has a strong coconut milk flavor but is simply delicious. There is a wide variety of side dishes. restaurant is kept quite clean. The staff is very friendly, and the way they handle their work seems efficient. Overall, it's worth repeating"
"['taste', 'price']","[[{'label': 'sadness', 'score': 0.0008197139832191169}, {'label': 'joy', 'score': 0.9934037327766418}, {'label': 'love', 'score': 0.0013228743337094784}, {'label': 'anger', 'score': 0.003655922133475542}, {'label': 'fear', 'score': 0.0003222297818865627}, {'label': 'surprise', 'score': 0.000475454842671752}]]",Will always come and eat here whenever I am at Kampung Baru. The taste has not changed since the first time I ate it long long time ago. I grew up in Kampung Baru. The price is competitive but of course it good.
"['service', 'nasi lemak']","[[{'label': 'sadness', 'score': 0.9825719594955444}, {'label': 'joy', 'score': 0.00272862589918077}, {'label': 'love', 'score': 0.0015955811832100153}, {'label': 'anger', 'score': 0.01139069814234972}, {'label': 'fear', 'score': 0.0012506279163062572}, {'label': 'surprise', 'score': 0.00046253035543486476}]]","The service was fast. When it came to the food, I was a little disappointed because the nasi lemak tasted salty. I bought several types of side dishes."
['sambal'],"[[{'label': 'sadness', 'score': 0.002058661775663495}, {'label': 'joy', 'score': 0.966097354888916}, {'label': 'love', 'score': 0.005855713039636612}, {'label': 'anger', 'score': 0.02417623996734619}, {'label': 'fear', 'score': 0.0005667783552780747}, {'label': 'surprise', 'score': 0.001245330087840557}]]","I find the sambal quite unappealing, and it fails to bring any enjoyment to my palate."
"['nasi lemak', 'rice', 'rendang ayam', 'parking']","[[{'label': 'sadness', 'score': 0.02069629356265068}, {'label': 'joy', 'score': 0.8198121190071106}, {'label': 'love', 'score': 0.014792145229876041}, {'label': 'anger', 'score': 0.06716489791870117}, {'label': 'fear', 'score': 0.05584907904267311}, {'label': 'surprise', 'score': 0.02168547548353672}]]","Tasty nasi lemak with a variety of lauk. Rice is soft but in normal portions. Rendang Ayam tastes great, similar to the one you ordered at Paparich. Parking is rm3 for 3 hours near this restaurant."
"['nasi lemak', 'fried chicken', 'parking', 'parking']","[[{'label': 'sadness', 'score': 0.0005217803991399705}, {'label': 'joy', 'score': 0.9960790276527405}, {'label': 'love', 'score': 0.0004605738795362413}, {'label': 'anger', 'score': 0.0006115141441114247}, {'label': 'fear', 'score': 0.0008396545890718699}, {'label': 'surprise', 'score': 0.0014875129563733935}]]","An interesting place to enjoy nasi lemak. The fried chicken might be a bit tough, maybe because it's from an outside source. Overall, it's still okay. Just be clever in finding a parking spot, it's a bit challenging with this car parking situation."
"['nasi lemak', 'price', 'clean']","[[{'label': 'sadness', 'score': 0.0015794042265042663}, {'label': 'joy', 'score': 0.9961609840393066}, {'label': 'love', 'score': 0.000943974475376308}, {'label': 'anger', 'score': 0.0005128449411131442}, {'label': 'fear', 'score': 0.00040523282950744033}, {'label': 'surprise', 'score': 0.00039753972669132054}]]",Love the nasi lemak here!. The price was affordable and the place was surprisingly clean.
"['parking', 'staff']","[[{'label': 'sadness', 'score': 0.00019783445168286562}, {'label': 'joy', 'score': 0.9891359806060791}, {'label': 'love', 'score': 0.009879008866846561}, {'label': 'anger', 'score': 0.0002703630016185343}, {'label': 'fear', 'score': 0.00010911752906395122}, {'label': 'surprise', 'score': 0.00040775290108285844}]]","Been here 3 times already. The only downside going here is the difficulty in finding a parking spot, as it is in Kg Baru. But once you reach the restaurant, you'll forget about it. You will be greeted by a helpful staff letting you know."
"['lungs', 'aircond']","[[{'label': 'sadness', 'score': 0.00933332834392786}, {'label': 'joy', 'score': 0.9119430780410767}, {'label': 'love', 'score': 0.0034041579347103834}, {'label': 'anger', 'score': 0.04793187975883484}, {'label': 'fear', 'score': 0.023469259962439537}, {'label': 'surprise', 'score': 0.003918087109923363}]]","The lungs are a bit cluttered, no spicy. There is an aircond place .. RM1 a person"
"['dishes', 'taste', 'sambal', 'service']","[[{'label': 'sadness', 'score': 0.011052380315959454}, {'label': 'joy', 'score': 0.6882445216178894}, {'label': 'love', 'score': 0.0036223067436367273}, {'label': 'anger', 'score': 0.061523448675870895}, {'label': 'fear', 'score': 0.22198963165283203}, {'label': 'surprise', 'score': 0.013567685149610043}]]","A variety of dishes to choose from. The taste is great. The sambal is sweet, sour, and spicy. There is almost always a line, but the service is fast, although you can expect a 10-20 minute waiting time. The place is expanding, and you can opt for the air-conditioned dining area as an add-on."
"['nasi lemak', 'place']","[[{'label': 'sadness', 'score': 0.002364430110901594}, {'label': 'joy', 'score': 0.9931566119194031}, {'label': 'love', 'score': 0.0010910904966294765}, {'label': 'anger', 'score': 0.0009921714663505554}, {'label': 'fear', 'score': 0.0015592697309330106}, {'label': 'surprise', 'score': 0.000836470047943294}]]","Located on the busy street in Kg Baru, this is the best nasi lemak in Kg Baru, if not in KL. A comfortable place for all day and late night dining"
"['service', 'spacious', 'side dishes', 'staff', 'service', 'nasi lemak', 'side dishes']","[[{'label': 'sadness', 'score': 0.022595100104808807}, {'label': 'joy', 'score': 0.785717248916626}, {'label': 'love', 'score': 0.08088845014572144}, {'label': 'anger', 'score': 0.09566804766654968}, {'label': 'fear', 'score': 0.0043185194954276085}, {'label': 'surprise', 'score': 0.010812629945576191}]]","Efficient service and quite spacious, with many choices of side dishes and drinks. There is an air-conditioned space, and the staff service is great. However, the taste of nasi lemak and the side dishes is average to below average."
"['nasi lemak', 'nasi lemak', 'portion']","[[{'label': 'sadness', 'score': 0.33560100197792053}, {'label': 'joy', 'score': 0.12399192899465561}, {'label': 'love', 'score': 0.008000874891877174}, {'label': 'anger', 'score': 0.23436759412288666}, {'label': 'fear', 'score': 0.28769463300704956}, {'label': 'surprise', 'score': 0.010343874804675579}]]",Average nasi lemak for tourists. Eating in the air-conditioned room costs RM1 per head. Two plates of nasi lemak with two types of side dishes cost around RM32. The rice portion is quite small. Maybe it's just a one-time visit.
"['place', 'food', 'pricey', 'nasi lemak']","[[{'label': 'sadness', 'score': 0.015024356544017792}, {'label': 'joy', 'score': 0.8929261565208435}, {'label': 'love', 'score': 0.02500072494149208}, {'label': 'anger', 'score': 0.060167960822582245}, {'label': 'fear', 'score': 0.003668254939839244}, {'label': 'surprise', 'score': 0.0032124926801770926}]]","Brand new place, neat and comfortable. Delicious and appetizing food. A little pricey, but worth it. Original nasi lemak taste."
"['queue', 'parking', 'system']","[[{'label': 'sadness', 'score': 0.0016750189242884517}, {'label': 'joy', 'score': 0.9961572289466858}, {'label': 'love', 'score': 0.0005191961536183953}, {'label': 'anger', 'score': 0.000940426136367023}, {'label': 'fear', 'score': 0.00039362310781143606}, {'label': 'surprise', 'score': 0.0003146238159388304}]]","The queue is very long but worth it. Don't talk about car parking; it's crowded. It's better to take the LRT, stop near Kampung Bharu, and then walk around 3 minutes; the distance is short. Their system is very efficient; you pay first before eating."
"['sambal', 'fried chicken']","[[{'label': 'sadness', 'score': 0.0008856403292156756}, {'label': 'joy', 'score': 0.021286603063344955}, {'label': 'love', 'score': 0.958004355430603}, {'label': 'anger', 'score': 0.006813072133809328}, {'label': 'fear', 'score': 0.002393793547526002}, {'label': 'surprise', 'score': 0.010616389103233814}]]","One of the Best nasi lemak around here. The sambal was more to the sweeter side, which I LOVED so much. Fried chicken was so soft and flavourful. Highly recommended."
"['food', 'nasi lemak']","[[{'label': 'sadness', 'score': 0.0016274962108582258}, {'label': 'joy', 'score': 0.18430672585964203}, {'label': 'love', 'score': 0.0011951779015362263}, {'label': 'anger', 'score': 0.002420180244371295}, {'label': 'fear', 'score': 0.013126147910952568}, {'label': 'surprise', 'score': 0.7973242998123169}]]",Still can't get over how good this food was. Amazing nasi lemak went and had two portions trying different sides
"['workers', 'service']","[[{'label': 'sadness', 'score': 0.9895798563957214}, {'label': 'joy', 'score': 0.0003709011652972549}, {'label': 'love', 'score': 0.00030431244522333145}, {'label': 'anger', 'score': 0.0059654489159584045}, {'label': 'fear', 'score': 0.003233913332223892}, {'label': 'surprise', 'score': 0.0005455342470668256}]]",They have too many workers. 3 sat at the front of the store just to welcome the customers (which is excessive IMO). The service was absolutely awful.
"['nasi lemak', 'parking', 'clean']","[[{'label': 'sadness', 'score': 0.0006292981561273336}, {'label': 'joy', 'score': 0.9976876974105835}, {'label': 'love', 'score': 0.0005932702915742993}, {'label': 'anger', 'score': 0.0005671904655173421}, {'label': 'fear', 'score': 0.00023186934413388371}, {'label': 'surprise', 'score': 0.0002906152803916484}]]",It's a very awesome Nasi lemak. Definitely worth coming and trying it for yourself. Parking might be difficult to get over here. Shop itself is clean and well-lit. It has nice fluffy rice with strong santan.
